Rank,Name,Birth_Count,Kana
1,翔太,4639,ショウタ
2,拓也,4381,タクヤ
3,健太,4095,ケンタ
4,翔,2986,ショウ
5,翔平,2919,ショウヘイ
6,大樹,2714,ダイキ
7,大輔,2714,ダイスケ
8,達也,2460,タツヤ
9,亮,2268,リョウ
10,大地,2264,ダイチ
11,雄太,2153,ユウタ
12,直樹,1973,ナカジ
13,翼,1970,ツバキ
14,裕太,1863,ユウタ
15,亮太,1845,リョウタ
16,和也,1809,カワヤ
17,直人,1746,ナカジトモコ
18,恭平,1689,コウイエ
19,健太郎,1636,ケンタロウ
20,大介,1626,ダイスケ
21,諒,1607,リョウ
22,康平,1466,コウヘイ
23,裕也,1462,ユウヤ
24,洋平,1433,ヨウヘイ
25,誠,1422,マサル
26,卓也,1406,タクヤ
27,雄大,1383,ユウタイ
28,祐太,1345,ユウタ
29,優,1278,ユウ
30,光,1256,ヒカリ
31,大輝,1210,ダイキ
32,裕介,1210,ユウスケ
33,涼,1181,スズ
34,修平,1141,シュウヘイ
35,健,1133,ケン
36,直也,1102,ナカジ
37,大貴,1096,ダイキイ
38,徹,1092,テツ
39,祐介,1078,ユウスケ
40,一樹,1076,イチキ
41,裕貴,1067,ユウキイ
42,良太,1054,リョウタ
43,匠,1047,タカサ
44,遼,1014,リョウ
45,祐樹,1011,ユウキ
46,一成,1006,イチナリ
47,貴大,1004,キダイ
48,駿,1002,シュン
49,陽平,992,ヨウヘイ
50,智也,970,チヤ
51,哲也,968,テツヤ
52,和樹,968,カワキ
53,啓太,966,ケイタ
54,亮介,954,リョウスケ
55,裕樹,946,ユウキ
56,航,937,コウ
57,聡,931,ソウ
58,勇太,928,ユウタ
59,淳,923,ジュン
60,剛,904,ケイ
61,隼人,903,スズマル
62,拓哉,875,タクサ
63,貴之,857,キダイ
64,陽介,843,ヨウスケ
65,渉,839,ワタナベ
66,大,837,ダイ
67,一輝,821,イチキ
68,浩平,809,ヒロヘイ
69,優太,804,ユウタ
70,悠太,801,ユウタ
71,真也,798,マサヤ
72,雄介,785,ユウスケ
73,慎也,780,シンヤ
74,悠,774,ユウ
75,俊介,741,スケスケ
76,純平,719,ジュンヘイ
77,将太,705,ソウタ
78,勇人,691,ユウトモ
79,祐輔,687,ユウスケ
80,司,668,シ
81,純,665,ジュン
82,佑太,663,ユウタ
83,祥平,661,ショウヘイ
84,良平,651,リョウヘイ
85,佑介,649,ユウスケ
86,亮平,646,リョウヘイ
87,学,641,ガク
88,潤,636,ジュン
89,竜也,634,リョウヤ
90,佑樹,627,ユウキ
91,拓,618,タク
92,晃,617,アキラ
93,祐貴,614,ユウキイ
94,祐也,609,ユウヤ
95,太一,603,タイチ
96,雅人,594,マサト
97,和成,594,カワナリ
98,周平,592,シュウヘイ
99,悟,579,ゴウ
100,涼太,579,スズタ
101,勇樹,577,ユウキ
102,慎太郎,570,シンタロウ
103,弘樹,559,コウキ
104,直哉,559,ナカジ
105,圭佑,558,ケイスケ
106,健人,558,ケンタモト
107,啓介,555,ケイスケ
108,俊,552,スケ
109,真,546,マサ
110,一平,538,イチヘイ
111,悠介,535,ユウスケ
112,裕之,534,ユウノ
113,翔太郎,532,ショウタロウ
114,圭祐,531,ケイスケ
115,純一,524,ジュンイチ
116,貴史,514,キダイノリ
117,卓,510,タク
118,雄也,510,ユウヤ
119,慧,507,カイ
120,智之,498,チノリ
121,裕,496,ユウ
122,貴裕,495,キダイユウ
123,佳祐,491,カノウ
124,太郎,487,タロウ
125,拓真,487,タクマ
126,晃平,484,アキラヘイ
127,拓弥,481,タクヤ
128,巧,476,サカエ
129,良,475,リョウ
130,智史,474,チノリ
131,良介,473,リョウスケ
132,航平,470,コウヘイ
133,健一,469,ケンイチ
134,耕平,467,コウヘイ
135,真人,464,ジンジン
136,誠也,462,マサヤ
137,輝,461,キ
138,真吾,461,マサゴ
139,豊,459,トヨシ
140,一真,456,イチマサ
141,将,455,ソウ
142,将大,454,ソウダイ
143,宏樹,453,コウキ
144,幸平,442,コウヘイ
145,聖也,441,セイヤ
146,裕一,441,ユウイチ
147,俊輔,439,スケスケ
148,洋介,438,ヨウスケ
149,翔吾,436,ショウゴ
150,圭介,435,ケイスケ
151,一馬,433,イチバ
152,仁,433,ジン
153,雄一,432,ユウイチ
154,雄貴,431,ユウキイ
155,拓郎,429,タクロウ
156,優也,419,ユウヤ
157,優樹,418,ユウキ
158,雅也,417,マサヤ
159,達哉,417,タツヤ
160,智,410,チ
161,元,408,モト
162,卓哉,407,タクサ
163,元気,405,モトキ
164,大祐,405,ダイヨ
165,大志,401,ダイシ
166,悠平,400,ユウヘイ
167,勇輝,399,ユウキ
168,拓馬,397,タクマ
169,隆太,397,リョウタ
170,賢,394,セン
171,圭,393,ケイ
172,将平,392,ソウヘイ
173,翔一,391,ショウイチ
174,勇介,390,ユウスケ
175,将司,386,ソウシ
176,広大,385,ヒロオオ
177,正樹,383,マサキ
178,隼,383,スズ
179,光平,381,ヒカリヘイ
180,和希,380,カワカズ
181,祥太,379,ショウタ
182,龍太郎,377,リョウタロウ
183,和輝,376,カワキ
184,崇,371,マサ
185,和真,370,カワマサ
186,翔大,370,ショウダイ
187,優介,366,ユウスケ
188,康太,365,コウタ
189,亮輔,364,リョウスケ
190,俊樹,363,スケキ
191,歩,363,アブ
192,聖,362,セイ
193,智哉,360,チサ
194,和哉,360,カワサ
195,裕紀,357,ユウキ
196,竜太,356,リョウタ
197,慎吾,354,シンゴ
198,秀平,353,シュウヘイ
199,純也,352,ジュンヤ
200,雄平,352,ユウヘイ
201,良輔,351,リョウスケ
202,健吾,350,ケンゴ
203,駿介,343,シュンスケ
204,敬太,341,ケイタ
205,哲平,341,テツヘイ
206,拓磨,340,タクマ
207,雄基,340,ユウキ
208,正人,339,マサトモト
209,健二,337,ケンニ
210,圭太,336,ケイタ
211,勇気,335,ユウキ
212,拓巳,334,タクミ
213,洋輔,334,ヨウスケ
214,祐輝,333,ユウキ
215,龍之介,333,リョウノスケ
216,貴弘,332,キダイコウ
217,智大,330,チダイ
218,峻,329,スジ
219,将人,329,ソウトモト
220,直輝,329,ナカキ
221,一貴,328,イチキイ
222,拓実,328,タクミ
223,明,328,アカタ
224,広樹,324,ヒロキ
225,直紀,321,ナカキ
226,貴文,319,キフミ
227,健司,319,ケンシ
228,友樹,319,トモキ
229,拓人,318,タクトモト
230,大智,317,ダイチ
231,祐希,317,ユウカズ
232,和馬,317,カワマ
233,将也,315,ソウヤ
234,亘,314,ワタル
235,薫,313,カオリ
236,友也,313,トモヤ
237,大和,312,ダイワ
238,裕太郎,311,ユウタロウ
239,雅之,310,マサト
240,勇貴,310,ユウキイ
241,敦,309,ドン
242,友哉,309,トモサ
243,恵太,308,カイタ
244,慶太,307,ケイタ
245,啓,306,ケイ
246,勝也,305,セイヤ
247,真一,303,マサイチ
248,亨,296,コウ
249,龍,296,リョウ
250,寛,295,ヒロオ
251,健介,295,ケンスケ
252,裕平,295,ユウヘイ
253,和貴,295,カワキ
254,篤,293,トヨシ
255,樹,292,キ
256,祐一,292,ユウイチ
257,賢太,290,センタ
258,賢人,289,セントモト
259,涼平,287,スズヘイ
260,康介,286,コウスケ
261,透,282,トウ
262,晃一,279,アキライチ
263,浩之,279,ヒロノリ
264,充,279,ミコ
265,秀樹,278,シュウキ
266,隆,278,リョウ
267,龍一,277,リョウイチ
268,瞬,276,ジュン
269,亮佑,274,リョウヨ
270,貴志,272,キシ
271,寛之,270,ヒロノリ
272,剛史,269,ケイジ
273,彰,269,セン
274,佑輔,269,ユウスケ
275,貴博,267,キダイハル
276,祥,266,ショウ
277,博之,266,ハルノリ
278,翔也,266,ショウヤ
279,一也,265,イチヤ
280,竜一,264,リョウイチ
281,陽,263,ヨウ
282,知也,261,チヤ
283,仁志,259,ジンシ
284,裕司,257,ユウシ
285,将史,256,ソウシ
286,雅史,255,マサシ
287,祐太郎,255,ユウタロウ
288,剛志,254,ケイシ
289,涼介,254,スズスケ
290,豪,253,ゴウ
291,陸,253,リク
292,龍太,253,リョウタ
293,昇平,252,ショウヘイ
294,友貴,251,トモキイ
295,恭兵,250,コウヒョ
296,哲,250,テツ
297,拓朗,249,タクロウ
298,謙太,248,ケンタ
299,敦史,248,ドンシ
300,裕二,248,ユウジ
301,俊也,247,スケヤ
302,新,247,アタラ
303,拓矢,247,タクヤ
304,悠貴,246,ユウキイ
305,雅俊,245,マサスケ
306,将吾,243,ソウゴ
307,裕人,243,ユウトモト
308,優人,241,ユウトモト
309,和宏,240,カワコウ
310,淳平,237,ジュンヘイ
311,正和,237,マサカズ
312,遼平,237,リョウヘイ
313,真司,236,マサシ
314,慎平,235,シンヘイ
315,直之,234,ナカジ
316,篤史,234,トヨシ
317,祐司,234,ユウシ
318,惇,233,ドン
319,優希,233,ユウカズ
320,亮祐,233,リョウヨ
321,僚,232,リョウ
322,孝平,231,コウヘイ
323,弘明,231,コウアカタ
324,岳,230,タク
325,淳一,230,ジュンイチ
326,尚也,230,ナサヤ
327,省吾,230,セイゴ
328,昌平,229,マサヘイ
329,和幸,229,カワカズ
330,浩司,228,ヒロシ
331,勇,228,ユウ
332,遼太,225,リョウタ
333,恭介,224,コウスケ
334,賢一,224,センイチ
335,孝太,224,コウタ
336,恵介,223,カイスケ
337,拓海,223,タクカイ
338,達郎,223,タツロウ
339,英樹,221,エイキ
340,奨,220,サウ
341,尚人,220,ナサトモト
342,英明,218,エイアカタ
343,智彦,218,チノリハタ
344,秀明,217,シュウアカタ
345,慎,217,シン
346,望,217,ノウ
347,洋,216,ヨウ
348,陵,215,リョウ
349,慶,214,ケイ
350,郁弥,213,イクヨ
351,一希,213,イチカズ
352,千尋,212,センヨ
353,武,212,ブ
354,宏明,211,コウアカタ
355,雄一郎,211,ユウイチロウ
356,克也,210,カクヤ
357,勇也,210,ユウヤ
358,裕哉,210,ユウサ
359,雄樹,210,ユウキ
360,力,210,リョク
361,貴洋,209,キダイヨウ
362,謙,209,ケン
363,幸太,209,コウタ
364,優一,209,ユウイチ
365,智弘,208,チヨウ
366,裕史,207,ユウシ
367,淳也,206,ジュンヤ
368,智博,206,チハル
369,毅,205,イツ
370,公平,205,ヒロオ
371,隆史,205,リョウシ
372,崇史,204,マサシ
373,祥吾,203,ショウゴ
374,徹也,203,テツヤ
375,陽一,203,ヨウイチ
376,怜,203,レン
377,和彦,203,カワヒロ
378,圭吾,202,ケイゴ
379,雄太郎,202,ユウタロウ
380,昭平,200,アカヘイ
381,直,200,ナカジ
382,淳史,199,ジュンシ
383,彬,199,ビン
384,秀幸,198,シュウカズ
385,真太郎,198,マサロウ
386,祐紀,196,ユウキ
387,貴也,195,キヤ
388,修,195,シュウ
389,勝,195,セイ
390,智裕,195,チヨウ
391,優輝,195,ユウキ
392,裕大,195,ユウダイ
393,将志,194,ソウシ
394,優貴,194,ユウキイ
395,竜二,194,リョウニ
396,翔馬,194,ショウマ
397,貴紀,193,キダイ
398,祐二,193,ユウジ
399,隆之,193,リョウノリ
400,将之,192,ソウノリ
401,稔,192,ジン
402,健志,191,ケンシ
403,晃司,191,アキラシ
404,諒太,191,リョウタ
405,琢磨,190,タクマ
406,直希,190,ナカカズ
407,雄紀,190,ユウキ
408,直弥,189,ナカヨ
409,悠人,189,ユウトモト
410,竜平,189,リョウヘイ
411,和紀,189,カワキ
412,貴士,188,キシ
413,和弘,188,カワコウ
414,篤志,187,トヨシ
415,明宏,187,アカタハル
416,俊哉,186,スケサ
417,俊彦,186,スケヒロ
418,裕基,186,ユウキ
419,達矢,185,タツヤ
420,隆志,185,リョウシ
421,弘貴,184,コウキイ
422,克哉,183,カクサ
423,隆宏,183,リョウコウ
424,光太郎,181,ヒカリロウ
425,祐哉,180,ユウサ
426,諒平,180,リョウヘイ
427,貴寛,179,キヨオ
428,創,179,サケ
429,卓弥,179,タクヨ
430,琢也,178,タクヤ
431,竜太郎,178,リョウタロウ
432,雄輝,177,ユウキ
433,孝,176,コウ
434,孝明,176,コウアカタ
435,雄哉,176,ユウサ
436,潤一,175,ジュンイチ
437,真悟,175,マサコウ
438,幸大,174,コウダイ
439,浩一,174,ヒロイチ
440,浩貴,174,ヒロキイ
441,勇希,174,ユウカズ
442,遼太郎,174,リョウタロウ
443,貴広,173,キヨオオ
444,正太,173,マサタ
445,和人,173,ヒトモト
446,一生,171,イッセイ
447,元樹,171,モトキ
448,聡志,171,ソウシ
449,優作,171,ユウサ
450,裕輔,171,ユウスケ
451,啓佑,170,ケイヨ
452,尚樹,170,ナサキ
453,伸也,169,ノリヤ
454,裕亮,169,ユウリョウ
455,拓己,168,タクコ
456,祐人,168,ユウトモト
457,敬介,167,ケイスケ
458,健太朗,166,ケンタロウ
459,隆介,166,リョウスケ
460,貴明,165,キダイ
461,浩太,165,ヒロタ
462,春樹,165,ハルキ
463,諭,165,ヨ
464,佑紀,165,ユウキ
465,賢治,164,センジ
466,賢太郎,164,センタロウ
467,大希,164,ダイカズ
468,文哉,164,フミサ
469,海,163,ウミ
470,貴宏,163,キダイコウ
471,暁,163,アカタ
472,隼也,163,スズヤ
473,平,163,ヒラ
474,裕希,163,ユウカズ
475,和弥,163,カワヨ
476,翔悟,163,ショウゴ
477,啓輔,162,ケイスケ
478,宏幸,162,コウカズ
479,秀和,162,シュウワ
480,達彦,162,タツヒロ
481,未来,162,ミライ
482,侑也,162,ヨウヤ
483,史也,161,シゲ
484,大悟,161,ダイゴ
485,智紀,161,チキ
486,和明,161,カワアカタ
487,祐,160,ユウ
488,卓矢,159,タクヤ
489,智成,159,チナリ
490,隆太郎,159,リョウタロウ
491,隆一,158,リョウイチ
492,浩史,157,ヒロシ
493,俊平,157,スケヘイ
494,博貴,157,ハルキイ
495,昂,156,オウ
496,雅貴,155,マサキイ
497,昌也,155,マサヤ
498,祐平,155,ユウヘイ
499,和之,155,カワノリ
500,賢司,154,センシ
501,晃大,154,アキラダイ
502,祐太朗,154,ユウタロウ
503,佑,153,ユウ
504,洸,153,スズ
505,修一,152,シュウイチ
506,大河,152,オオカズ
507,直幸,152,ナカジカズ
508,悠也,152,ユウヤ
509,俊貴,151,スケキイ
510,悠希,151,ユウカズ
511,恭輔,150,コウスケ
512,宏,150,コウ
513,旭,149,アサヒ
514,貴幸,149,キダイカズ
515,大将,148,ダイショ
516,和久,148,カワイチ
517,康裕,147,コウヨウ
518,裕輝,147,ユウキ
519,力也,147,リョクヤ
520,ゆうき,146,ユウキ
521,寛人,146,ヒロトモト
522,悠樹,146,ユウキ
523,竜,146,リョウ
524,愛,145,アイ
525,郁也,145,イクヤ
526,宏紀,145,コウキ
527,幸司,145,コウシ
528,昂平,145,オウヘイ
529,浩二,145,ヒロニ
530,剛士,145,ケイシ
531,成一,145,ナリイチ
532,孝幸,144,コウカズ
533,和磨,144,カワマ
534,雅樹,143,マサキ
535,健斗,143,ケンドウ
536,浩樹,143,ヒロキ
537,晋,143,シン
538,夏樹,142,ナツキ
539,尚之,142,ナサシ
540,俊一,141,スケイチ
541,信吾,141,シンゴ
542,佑哉,141,ユウサ
543,秀一,140,シュウイチ
544,竜馬,140,リョウマ
545,京介,139,キョウスケ
546,圭亮,139,ケイリョウ
547,章,139,ショウ
548,智洋,139,チヨウ
549,雄,139,ユウ
550,良祐,139,リョウヨ
551,幸太郎,138,コウタロウ
552,彰太,138,センタ
553,真之,138,マサノリ
554,朋也,138,トモヤ
555,脩平,138,シュウヘイ
556,宏太,136,コウタ
557,泰輔,136,タイフツ
558,哲史,136,テツシ
559,佑亮,136,ユウリョウ
560,勇輔,136,ユウスケ
561,友紀,136,トモキ
562,雅大,135,マサダイ
563,基,135,ケイ
564,宏和,135,コウカズ
565,弘幸,135,コウカズ
566,智貴,135,チキイ
567,文也,135,フミヤ
568,開,134,オオ
569,大喜,134,ダイキイ
570,孝之,133,コウノリ
571,昇,133,ヒロ
572,正幸,133,マサカズ
573,大佑,133,ダイヨ
574,智明,133,チナリ
575,宗一郎,132,シュウイチロウ
576,晋平,132,シンヘイ
577,正明,132,マサアカタ
578,雄司,132,ユウシ
579,雄亮,132,ユウリョウ
580,康成,131,コウナリ
581,聡史,131,ソウシ
582,裕幸,131,ユウカズ
583,雅,130,マサ
584,貴仁,130,キダイジン
585,慎一,130,シンイチ
586,慎二,130,シンニ
587,貴浩,129,キダイヒロ
588,貴彦,129,キダイヒロ
589,崇志,129,マサシ
590,智樹,129,チナリ
591,佑弥,129,ユウヨ
592,健史,128,ケンシ
593,孝行,128,コウコウ
594,浩介,128,ヒロスケ
595,正成,128,マサナリ
596,太志,128,タイシ
597,卓磨,128,タクマ
598,陽太,128,ヨウタ
599,隆弘,128,リョウコウ
600,元太,127,モトタ
601,真史,127,マサシ
602,智宏,127,チハル
603,哲郎,127,テツロウ
604,睦,127,ムク
605,俊明,126,スケアカタ
606,章太,126,ショウタ
607,真樹,126,マサキ
608,博史,126,ハルシ
609,雄斗,126,ユウドウ
610,光一,125,ヒカリイチ
611,清貴,125,セイキイ
612,祐弥,125,ユウヨ
613,英之,124,エイノリ
614,義人,124,ギイトモト
615,俊之,124,スケノリ
616,尚,124,ナサ
617,勇次,124,ユウジ
618,竜之介,124,リョウノスケ
619,一磨,123,イマ
620,弘,123,コウ
621,慎一郎,123,シンタロウ
622,直矢,123,ナカヤ
623,飛鳥,123,トリオ
624,佑典,123,ユウデン
625,龍也,123,リョウヤ
626,義明,122,ギイアカタ
627,大夢,122,ダイム
628,北斗,122,ホウト
629,悠輔,122,ユウスケ
630,龍平,122,リョウヘイ
631,佳佑,121,カノウ
632,元紀,121,モトキ
633,周,121,シュウ
634,秀,121,シュウ
635,順平,121,ジョウヘイ
636,成,121,ナリ
637,智行,121,チヨウ
638,佑一,121,ユウイチ
639,悠司,121,ユウシ
640,洋佑,121,ヨウヨ
641,雅弘,120,マサコウ
642,貴司,120,キスケ
643,恵,120,カイ
644,功,120,コウ
645,俊幸,120,スケカズ
646,慎司,120,シンシ
647,正義,120,ショウギ
648,達朗,120,タツロウ
649,瞳,120,ヒトモ
650,尚史,119,ナサシ
651,博紀,119,ハルキ
652,明彦,119,アカタヒロ
653,隆行,119,リョウコウ
654,信也,118,シンヤ
655,太樹,118,タイキ
656,邦彦,118,ミコヒロ
657,浩太郎,117,ヒロタロウ
658,実,117,ミツ
659,将太郎,117,ソウタロウ
660,章吾,117,ショウゴ
661,智仁,117,チジン
662,健一郎,116,ケンイチロウ
663,悟史,116,ゴウシ
664,俊祐,116,スケヨ
665,潤也,116,ジュンヤ
666,成人,116,ジョウニン
667,知明,116,チナリ
668,梓,115,シ
669,雅彦,115,マサヒロ
670,晃弘,115,アキラコウ
671,浩,115,ヒロ
672,将貴,115,ソウキイ
673,唯,115,ヨウ
674,理,115,リ
675,一,114,イチ
676,航太,114,コウタ
677,克弥,114,カクヨ
678,晋也,114,シンヤ
679,直道,114,ナカミチ
680,貴久,113,キダイ
681,守,113,マモル
682,秀人,113,シュウトモト
683,真弘,113,マサコウ
684,拓未,113,タクミ
685,武志,113,ブシ
686,優斗,113,ユウドウ
687,祐大,113,ユウダイ
688,洋祐,113,ヨウヨ
689,亮一,113,リョウイチ
690,元貴,112,モトキイ
691,信,112,シン
692,泰斗,112,タイドウ
693,知宏,112,チハル
694,寛明,111,ヒロアカタ
695,高志,111,タカシ
696,卓巳,111,タクイ
697,裕一郎,111,ユウイチロウ
698,良樹,111,リョウキ
699,諒介,111,リョウスケ
700,洸平,111,スズヘイ
701,健治,110,ケンジ
702,順也,110,ジョウヤ
703,尚平,110,ナサヘイ
704,昌弘,110,ショウコウ
705,真大,110,マサダイ
706,泰弘,110,タイコウ
707,一将,109,イチソウ
708,央,109,オウ
709,譲,109,ヨウ
710,崇之,109,マサノリ
711,智広,109,チヨオオ
712,瑛,108,エイ
713,圭一,108,ケイイチ
714,瑞樹,108,ミズキ
715,正也,108,マサヤ
716,直貴,108,ナカキイ
717,裕士,108,ユウシ
718,雄人,108,ユウトモト
719,雄二,108,ユウニ
720,隆平,108,リョウヘイ
721,和正,108,カワマサ
722,和博,108,カワハル
723,皓平,108,アキラヘイ
724,覚,107,カク
725,昌宏,107,ショウコウ
726,博文,107,ヒロアカタ
727,祐亮,107,ユウリョウ
728,貴行,106,キヨウ
729,圭輔,106,ケイスケ
730,紘平,106,コウヘイ
731,俊太,106,スケタ
732,将成,106,ソウナリ
733,真澄,106,マサアワ
734,進,106,シン
735,隆寛,106,リョウオオ
736,遼介,106,リョウスケ
737,宏之,105,コウノリ
738,幸一,105,コウイチ
739,史弥,105,シゲヨ
740,成美,105,ナリミ
741,茂樹,105,ショウキ
742,佑貴,105,ユウキイ
743,友輔,105,トモスケ
744,陽祐,105,ヨウヨ
745,俊太郎,104,スケタロウ
746,裕明,104,ユウアカタ
747,隆広,104,リョウオオ
748,和寛,104,カワヨオ
749,真平,103,マサヘイ
750,洋一,103,ヨウイチ
751,光輝,102,ヒカリキ
752,駿一,102,シュンイチ
753,彰吾,102,センゴ
754,直史,102,ナカシ
755,博,102,ハル
756,秀太,101,シュウタ
757,俊宏,101,スケコウ
758,正太郎,101,マサロウ
759,聡一郎,101,ソウイチロウ
760,満,101,マン
761,龍二,101,リョウニ
762,傑,100,セイ
763,孝典,100,コウデン
764,駿平,100,シュンヘイ
765,正博,100,マサハル
766,誠人,100,マサルトモト
767,泰平,100,タイヘイ
768,知之,100,チノリ
769,智章,100,チナリ
770,隼平,100,スズヘイ
771,友希,100,トモカズ
772,和広,100,カワオオ
773,貴,99,キ
774,建太,99,ケンタ
775,康太郎,99,コウタロウ
776,昌樹,99,ショウキ
777,聖矢,99,セイヤ
778,大知,99,ダイチ
779,哲哉,99,テツサ
780,忍,99,ジン
781,祐基,99,ユウキ
782,和平,99,ヒロヘイ
783,真之介,98,マサノスケ
784,崇弘,98,マサコウ
785,崇人,98,マサトモト
786,政樹,98,セイキ
787,誠一,98,マサイチ
788,智久,98,チヒョ
789,肇,98,ショウ
790,有輝,98,アリキ
791,祐一郎,98,ユウイチロウ
792,隆文,98,リョウナリ
793,龍馬,98,リョウマ
794,玲,98,リン
795,恵一,97,カイイチ
796,正浩,97,マサヒロ
797,勇斗,97,ユウドウ
798,隆司,97,リョウシ
799,綾,96,アヤ
800,一志,96,イチシ
801,佳史,96,カノリ
802,宏平,96,コウヘイ
803,勇紀,96,ユウキイ
804,悠佑,96,ユウヨ
805,裕章,96,ユウショウ
806,雅哉,95,マササ
807,幸治,95,コウジ
808,明弘,95,アカタハル
809,洋樹,95,ヨウキ
810,僚太,95,リョウタ
811,敬,94,ケイ
812,謙一,94,ケンイチ
813,元希,94,モトカズ
814,康弘,94,コウコウ
815,彰人,94,セントモト
816,知弘,94,チハル
817,鉄平,94,テツヘイ
818,優平,94,ユウヘイ
819,雄祐,94,ユウヨ
820,侑樹,94,ヨウキ
821,伸,93,ノリ
822,正輝,93,マサキ
823,佑也,93,ユウヤ
824,勇一,93,ユウイチ
825,孝一,92,コウイチ
826,弘晃,92,コウアキラ
827,真輝,92,マサキ
828,泰介,92,タイスケ
829,泰之,92,タイノリ
830,和史,92,カワシ
831,翔伍,92,ショウゴ
832,憲,91,ケン
833,勝太,91,セイタ
834,知樹,91,チキ
835,智志,91,チシ
836,友彦,91,トモヒロ
837,貴則,90,キダイ
838,敬祐,90,ケイヨ
839,光太,90,ヒカリ
840,孝文,90,コウフミ
841,克彦,90,カクヒロ
842,正裕,90,マサヨウ
843,武史,90,ブシ
844,雄飛,90,ユウフジ
845,康之,89,コウノリ
846,浩明,89,ヒロアカタ
847,修司,89,シュウスケ
848,勝成,89,セイナリ
849,将希,89,ソウカズ
850,晋太郎,89,シンタロウ
851,正志,89,マサシ
852,誠司,89,マサシ
853,泰史,89,タイシ
854,泰成,89,タイナリ
855,勇志,89,ユウシ
856,友宏,89,トモコウ
857,悠太郎,89,ユウタロウ
858,廉,89,レン
859,和大,89,ダイオオ
860,佳樹,88,カノキ
861,慶一,88,ケイイチ
862,元輝,88,モトカズ
863,康宏,88,コウコウ
864,晃太,88,アキラタ
865,俊輝,88,スケキ
866,準,88,ジュン
867,大亮,88,ダイリョウ
868,智幸,88,チヨウ
869,佑太郎,88,ユウタロウ
870,勇二,88,ユウニ
871,要,88,ヨウ
872,隆博,88,リョウハル
873,洸太,88,スズタ
874,寛樹,87,ヒロキ
875,啓祐,87,ケイヨ
876,光司,87,ヒカリシ
877,真広,87,マサオオ
878,真志,87,マサシ
879,真弥,87,マサヨ
880,大典,87,ダイデン
881,哲朗,87,テツロウ
882,隼斗,87,スズドウ
883,友裕,87,トモヨウ
884,一徳,86,イチドウ
885,弘之,86,コウノリ
886,浩志,86,ヒロシ
887,史明,86,シゲアカタ
888,勝利,86,セイリキ
889,正,86,マサ
890,泰樹,86,タイキ
891,大起,86,ダイキ
892,佑真,86,ユウマサ
893,友規,86,トモケイ
894,紀之,85,キノリ
895,貴章,85,キダイショウ
896,賢二,85,センニ
897,広太,85,ヒロオオ
898,広平,85,ヒロヘイ
899,慎之介,85,シンスケ
900,真央,85,マサオウ
901,政人,85,セイトモト
902,泰裕,85,タイヨウ
903,努,85,ヌ
904,竜司,85,リョウシ
905,和,85,カワ
906,侑,85,ヨウ
907,葵,84,アイ
908,貴俊,84,キダイシュン
909,京平,84,キョウヘイ
910,幸成,84,コウナリ
911,康貴,84,コウキイ
912,康佑,84,コウヨウ
913,彰宏,84,センコウ
914,正貴,84,マサキイ
915,正平,84,マサヘイ
916,由貴,84,ユウキイ
917,一仁,83,イチジン
918,顕,83,カエ
919,幸宏,83,コウコウ
920,浩輝,83,ヒロキ
921,潤平,83,ジュンヘイ
922,尚志,83,ナサシ
923,祥太郎,83,ショウタロウ
924,龍介,83,リョウスケ
925,孝太郎,82,コウタロウ
926,穣,82,マサ
927,伸幸,82,ノリカズ
928,太陽,82,タイヨウ
929,裕己,82,ユウコ
930,雄士,82,ユウシ
931,隆浩,82,リョウヒロ
932,孝則,81,コウセキ
933,伸吾,81,ノリコウ
934,大雅,81,ダイサ
935,大紀,81,ダイシ
936,飛翔,81,フジヨウ
937,友和,81,トモワ
938,一史,80,イチシ
939,貴哉,80,キサ
940,享,80,カン
941,康輔,80,コウスケ
942,恒平,80,コウヘイ
943,将士,80,ソウシ
944,崇文,80,マサフミ
945,壮太,80,ソウタ
946,大二郎,80,ダイロウ
947,勇佑,80,ユウヨウ
948,裕治,80,ユウジ
949,隆裕,80,リョウヨウ
950,嶺,80,リョウ
951,一喜,79,イチキイ
952,幹,79,カン
953,孝志,79,コウシ
954,将一,79,ソウイチ
955,慎哉,79,シンサ
956,太貴,79,タイキイ
957,太朗,79,タイロウ
958,直斗,79,ナカドウ
959,啓史,78,ケイシ
960,健大,78,ケンダイ
961,健也,78,ケンヤ
962,幸輝,78,コウカズ
963,浩輔,78,ヒロスケ
964,晶,78,シキ
965,卓真,78,タクマサ
966,博樹,78,ハルキ
967,一弘,77,イチコウ
968,一哉,77,イチサ
969,光貴,77,ヒカリキイ
970,孝治,77,コウジ
971,幸弘,77,コウカズ
972,康司,77,コウスケ
973,伸明,77,ノリアカタ
974,優弥,77,ユウヨ
975,友基,77,トモキ
976,裕斗,77,ユウドウ
977,雄輔,77,ユウスケ
978,義之,76,ギイノリ
979,弘志,76,コウシ
980,将輝,76,ソウキ
981,昌史,76,ショウシ
982,泰,76,タイ
983,大嗣,76,ダイジ
984,猛,76,モウ
985,有希,76,アリカズ
986,洋太,76,ヨウタ
987,和裕,76,カワヨウ
988,雅裕,75,マサヨウ
989,強,75,オウ
990,健児,75,ケンジ
991,謙太郎,75,ケンタロウ
992,孝輔,75,コウスケ
993,幸広,75,コウオオ
994,弘平,75,コウヘイ
995,彩,75,アイ
996,峻也,75,スジサ
997,尚輝,75,ナサカズ
998,尚弥,75,ナサヨ
999,伸一,75,ノリイチ
1000,智寛,75,チヨオオ